<eismanager-config>

    
    <property name="fsa.test.mode" value="true" />
 <property name="test.path" value="D:/GuardianTestdata/" />

    <task name="EligibilityLookupTask" category="fsa" >
      <property name="group.test.mode" value="false" />
      <property name="test.input.prefix"   value="EligibilityLookup" />
      <property name="esm.jndiname" value="com/glic/esm/group/process/cf/eligibilityV2/cfMedicalDentalEligibilityPortTypeV2ServiceHome"/>
      <property name="esm.username" value="IVR"/>
    </task>


    <task name="AdminValidateGroupIdTask" category="fsa" >
      <property name="group.test.mode" value="false" />
      <property name="test.input.prefix"   value="AdminValidateGroupId" />
      <property name="esm.jndiname" value="com/glic/esm/group/process/grpplanV2/GroupPlanInterfaceV2PortTypeServiceHome"/>
      <property name="esm.username" value="IVR"/>
    </task>
 
     <task name="PolicyLookupTask" category="fsa" >
      <property name="group.test.mode" value="false" />
       <property name="test.input.prefix"   value="PolicyLookup" />
      <property name="esm.jndiname" value="com/glic/esm/group/process/memberDetailsV2/MemberDetailsV2PortTypeServiceHome"/>
      <property name="esm.username" value="IVR"/>
    </task>
  
      <task name="FaxBenefitsTask" category="fsa" >
      <property name="group.test.mode" value="false" />
      <property name="test.input.prefix"   value="FaxBenefits" />
      <property name="esm.jndiname" value="com/glic/esm/group/process/faxback/MedicalDentalFaxbackPortTypeServiceHome"/>
      <property name="esm.username" value="IVR"/>
    </task>

</eismanager-config>
 
