<?xml version="1.0" encoding="ISO-8859-1"?>

<LoggerConfig>
	<Fsa name="Fsa">
		<LogFile>D:/logs/ptl/fsa/bridge/Fsa.log</LogFile>
		<LogFileSize>25MB</LogFileSize>
		<LoggingLevel>ALL</LoggingLevel>
	</Fsa>
	<Task name="AdminValidateGroupIdTask">
		<LogFile>D:/logs/ptl/fsa/AdminValidateGroupIdTask.log</LogFile>
		<LogFileSize>25MB</LogFileSize>
		<LoggingLevel>ALL</LoggingLevel>
	</Task>
	<Task name="PolicyLookupTask">
		<LogFile>D:/logs/ptl/fsa/PolicyLookupTask.log</LogFile>
		<LogFileSize>25MB</LogFileSize>
		<LoggingLevel>ALL</LoggingLevel>
	</Task>
	<Task name="EligibilityLookupTask">
		<LogFile>D:/logs/ptl/fsa/EligibilityLookupTask.log</LogFile>
		<LogFileSize>25MB</LogFileSize>
		<LoggingLevel>ALL</LoggingLevel>
	</Task>
	<Task name="FaxBenefitsTask">
		<LogFile>D:/logs/ptl/fsa/FaxBenefitsTask.log</LogFile>
		<LogFileSize>25MB</LogFileSize>
		<LoggingLevel>ALL</LoggingLevel>
	</Task>
	
	<DB name="PBDAO">
		<LogFile>D:/logs/ptl/fsa/PBDAO.log</LogFile>
		<LogFileSize>25MB</LogFileSize>
		<LoggingLevel>ALL</LoggingLevel>
	</DB>
	<DB name="FSATransactionManager">
		<LogFile>D:/logs/ptl/fsa/FSATransactionManager.log</LogFile>
		<LogFileSize>25MB</LogFileSize>
		<LoggingLevel>ALL</LoggingLevel>
	</DB>
</LoggerConfig>