<?xml version="1.0" encoding="utf-8" ?>
<!DOCTYPE log4j:configuration SYSTEM "log4j.dtd">

<log4j:configuration xmlns:log4j="http://jakarta.apache.org/log4j/">
  <!-- the main logfile appender -->
  <appender name="logfile"
		class="org.apache.log4j.RollingFileAppender">
    <param name="file" value="/logs/composer.log" />
    <param name="MaxBackupIndex" value="10" />
    <param name="MaxFileSize" value="10MB" />
    <param name="Encoding" value="UTF-8" />
    <layout class="org.apache.log4j.PatternLayout">
      <param name="ConversionPattern" value="%d %c{1} [%p] - %m%n" />
    </layout>
  </appender>
<logger name="getWebRequest">
    <level value="DEBUG"/>
    <appender-ref ref="logfile"/>
  </logger>

  <logger name="getWebService">
    <level value="DEBUG"/>
    <appender-ref ref="logfile"/>
  </logger>

  <logger name="dbRequest">
    <level value="DEBUG" />
    <appender-ref ref="logfile"/>
  </logger>

  <logger name="dbInputForm">
    <level value="DEBUG" />
    <appender-ref ref="logfile"/>
  </logger>
  
  <logger name="recordCapture">
    <level value="DEBUG" />
    <appender-ref ref="logfile"/>
  </logger>
  
  <appender name="infoAppender"
		class="org.apache.log4j.RollingFileAppender">

    <param name="file" value="C:/Program Files/Apache Software Foundation/Tomcat 7.0/webapps/FSA_NextGenIVR/logs/info/info.log" />
    <param name="MaxBackupIndex" value="10" />
    <param name="MaxFileSize" value="10MB" />
    <param name="Encoding" value="UTF-8" />
    

    <layout class="org.apache.log4j.PatternLayout">
      <!-- <param name="ConversionPattern" value="%d %c{1} [%p] - %m%n" /> -->
      <param name="ConversionPattern" value="%m%n" />
    </layout>

  </appender>
  
  <appender name="debugAppender"
		class="org.apache.log4j.RollingFileAppender">

    <param name="file" value="C:/Program Files/Apache Software Foundation/Tomcat 7.0/webapps/FSA_NextGenIVR/logs/debug/debug.log" />
    <param name="MaxBackupIndex" value="10" />
    <param name="MaxFileSize" value="10MB" />
    <param name="Encoding" value="UTF-8" />
    

    <layout class="org.apache.log4j.PatternLayout">
      <!-- <param name="ConversionPattern" value="%d %c{1} [%p] - %m%n" /> -->
      <param name="ConversionPattern" value="%m%n" />
    </layout>

  </appender>
  
  <appender name="errorAppender"
		class="org.apache.log4j.RollingFileAppender">

    <param name="file" value="C:/Program Files/Apache Software Foundation/Tomcat 7.0/webapps/FSA_NextGenIVR/logs/exception/exception.log" />
    <param name="MaxBackupIndex" value="10" />
    <param name="MaxFileSize" value="10MB" />
    <param name="Encoding" value="UTF-8" />
    

    <layout class="org.apache.log4j.PatternLayout">
      <!-- <param name="ConversionPattern" value="%d %c{1} [%p] - %m%n" /> -->
      <param name="ConversionPattern" value="%m%n" />
    </layout>

  </appender>
  
  <logger name="infoLogger">
    <level value="ALL" />
    <appender-ref ref="infoAppender"/>
  </logger>
  
  <logger name="debugLogger">
    <level value="ALL" />
    <appender-ref ref="debugAppender"/>
  </logger>
  
  <logger name="errorLogger">
    <level value="ALL" />
    <appender-ref ref="errorAppender"/>
  </logger>
  
</log4j:configuration>