
<!--
Automatically created by Apache Jakarta Tomcat JspC.
Place this fragment in the web.xml before all icon, display-name,
description, distributable, and context-param elements.
-->

    <servlet>
        <servlet-name>org.apache.jsp.src.A0000_005fFSA_005fWelcome_005fPP_jsp</servlet-name>
        <servlet-class>org.apache.jsp.src.A0000_005fFSA_005fWelcome_005fPP_jsp</servlet-class>
    </servlet>

    <servlet>
        <servlet-name>org.apache.jsp.src.A0000_005fFSA_005fWelcome_005fPP_005fMenu_jsp</servlet-name>
        <servlet-class>org.apache.jsp.src.A0000_005fFSA_005fWelcome_005fPP_005fMenu_jsp</servlet-class>
    </servlet>

    <servlet>
        <servlet-name>org.apache.jsp.src.A1000_005fAddress_005fDM_jsp</servlet-name>
        <servlet-class>org.apache.jsp.src.A1000_005fAddress_005fDM_jsp</servlet-class>
    </servlet>

    <servlet>
        <servlet-name>org.apache.jsp.src.A1000_005fAddress_005fDMCheck_jsp</servlet-name>
        <servlet-class>org.apache.jsp.src.A1000_005fAddress_005fDMCheck_jsp</servlet-class>
    </servlet>

    <servlet>
        <servlet-name>org.apache.jsp.src.A1000_005fAddress_005fDM_005fMenu_jsp</servlet-name>
        <servlet-class>org.apache.jsp.src.A1000_005fAddress_005fDM_005fMenu_jsp</servlet-class>
    </servlet>

    <servlet>
        <servlet-name>org.apache.jsp.src.A1000_005fStartCall_005fCheckException_jsp</servlet-name>
        <servlet-class>org.apache.jsp.src.A1000_005fStartCall_005fCheckException_jsp</servlet-class>
    </servlet>

    <servlet>
        <servlet-name>org.apache.jsp.src.A1000_005fStartCall_005fHandle_005fHangup_jsp</servlet-name>
        <servlet-class>org.apache.jsp.src.A1000_005fStartCall_005fHandle_005fHangup_jsp</servlet-class>
    </servlet>

    <servlet>
        <servlet-name>org.apache.jsp.src.A1000_005fStartCall_005fInitialization_jsp</servlet-name>
        <servlet-class>org.apache.jsp.src.A1000_005fStartCall_005fInitialization_jsp</servlet-class>
    </servlet>

    <servlet>
        <servlet-name>org.apache.jsp.src.A1000_005fStartCall_005fRoutingMenu_jsp</servlet-name>
        <servlet-class>org.apache.jsp.src.A1000_005fStartCall_005fRoutingMenu_jsp</servlet-class>
    </servlet>

    <servlet>
        <servlet-name>org.apache.jsp.src.A1010_005fFSA_005fCallerType_005fDM_jsp</servlet-name>
        <servlet-class>org.apache.jsp.src.A1010_005fFSA_005fCallerType_005fDM_jsp</servlet-class>
    </servlet>

    <servlet>
        <servlet-name>org.apache.jsp.src.A1010_005fFSA_005fCallerType_005fDMCheck_jsp</servlet-name>
        <servlet-class>org.apache.jsp.src.A1010_005fFSA_005fCallerType_005fDMCheck_jsp</servlet-class>
    </servlet>

    <servlet>
        <servlet-name>org.apache.jsp.src.A1020_005fFSA_005fEmployee_005fCall_005fReason_005fDM_jsp</servlet-name>
        <servlet-class>org.apache.jsp.src.A1020_005fFSA_005fEmployee_005fCall_005fReason_005fDM_jsp</servlet-class>
    </servlet>

    <servlet>
        <servlet-name>org.apache.jsp.src.A1020_005fFSA_005fEmployee_005fCall_005fReason_005fDMCheck_jsp</servlet-name>
        <servlet-class>org.apache.jsp.src.A1020_005fFSA_005fEmployee_005fCall_005fReason_005fDMCheck_jsp</servlet-class>
    </servlet>

    <servlet>
        <servlet-name>org.apache.jsp.src.A1020_005fFSA_005fEmployee_005fCall_005fReason_005fMenu_jsp</servlet-name>
        <servlet-class>org.apache.jsp.src.A1020_005fFSA_005fEmployee_005fCall_005fReason_005fMenu_jsp</servlet-class>
    </servlet>

    <servlet>
        <servlet-name>org.apache.jsp.src.A1030_005fFSA_005fEmployer_005fCall_005fReason_005fDM_jsp</servlet-name>
        <servlet-class>org.apache.jsp.src.A1030_005fFSA_005fEmployer_005fCall_005fReason_005fDM_jsp</servlet-class>
    </servlet>

    <servlet>
        <servlet-name>org.apache.jsp.src.A1030_005fFSA_005fEmployer_005fCall_005fReason_005fDMCheck_jsp</servlet-name>
        <servlet-class>org.apache.jsp.src.A1030_005fFSA_005fEmployer_005fCall_005fReason_005fDMCheck_jsp</servlet-class>
    </servlet>

    <servlet>
        <servlet-name>org.apache.jsp.src.A2000_005fDental_005fClaimInfo_005fPP_jsp</servlet-name>
        <servlet-class>org.apache.jsp.src.A2000_005fDental_005fClaimInfo_005fPP_jsp</servlet-class>
    </servlet>

    <servlet>
        <servlet-name>org.apache.jsp.src.A2010_005fDental_005fClaimInfoEnd_005fDM_jsp</servlet-name>
        <servlet-class>org.apache.jsp.src.A2010_005fDental_005fClaimInfoEnd_005fDM_jsp</servlet-class>
    </servlet>

    <servlet>
        <servlet-name>org.apache.jsp.src.A2010_005fDental_005fClaimInfoEnd_005fDMCheck_jsp</servlet-name>
        <servlet-class>org.apache.jsp.src.A2010_005fDental_005fClaimInfoEnd_005fDMCheck_jsp</servlet-class>
    </servlet>

    <servlet>
        <servlet-name>org.apache.jsp.src.A2010_005fFSA_005fGet_005fSSN_005fDM_jsp</servlet-name>
        <servlet-class>org.apache.jsp.src.A2010_005fFSA_005fGet_005fSSN_005fDM_jsp</servlet-class>
    </servlet>

    <servlet>
        <servlet-name>org.apache.jsp.src.A2010_005fFSA_005fGet_005fSSN_005fDMCheck_jsp</servlet-name>
        <servlet-class>org.apache.jsp.src.A2010_005fFSA_005fGet_005fSSN_005fDMCheck_jsp</servlet-class>
    </servlet>

    <servlet>
        <servlet-name>org.apache.jsp.src.A2010_005fFSA_005fGet_005fSSN_005fDM_005fMenu_jsp</servlet-name>
        <servlet-class>org.apache.jsp.src.A2010_005fFSA_005fGet_005fSSN_005fDM_005fMenu_jsp</servlet-class>
    </servlet>

    <servlet>
        <servlet-name>org.apache.jsp.src.A2020_005fFSA_005fSSN_005fLookup_005fDA_jsp</servlet-name>
        <servlet-class>org.apache.jsp.src.A2020_005fFSA_005fSSN_005fLookup_005fDA_jsp</servlet-class>
    </servlet>

    <servlet>
        <servlet-name>org.apache.jsp.src.A2030_005fFSA_005fSSN_005fInvalid_005fDM_jsp</servlet-name>
        <servlet-class>org.apache.jsp.src.A2030_005fFSA_005fSSN_005fInvalid_005fDM_jsp</servlet-class>
    </servlet>

    <servlet>
        <servlet-name>org.apache.jsp.src.A2030_005fFSA_005fSSN_005fInvalid_005fDMCheck_jsp</servlet-name>
        <servlet-class>org.apache.jsp.src.A2030_005fFSA_005fSSN_005fInvalid_005fDMCheck_jsp</servlet-class>
    </servlet>

    <servlet>
        <servlet-name>org.apache.jsp.src.A2040_005fFSA_005fGet_005fDOB_005fDM_jsp</servlet-name>
        <servlet-class>org.apache.jsp.src.A2040_005fFSA_005fGet_005fDOB_005fDM_jsp</servlet-class>
    </servlet>

    <servlet>
        <servlet-name>org.apache.jsp.src.A2040_005fFSA_005fGet_005fDOB_005fDMCheck_jsp</servlet-name>
        <servlet-class>org.apache.jsp.src.A2040_005fFSA_005fGet_005fDOB_005fDMCheck_jsp</servlet-class>
    </servlet>

    <servlet>
        <servlet-name>org.apache.jsp.src.A2050_005fFSA_005fDOB_005fInvalid_005fDM_jsp</servlet-name>
        <servlet-class>org.apache.jsp.src.A2050_005fFSA_005fDOB_005fInvalid_005fDM_jsp</servlet-class>
    </servlet>

    <servlet>
        <servlet-name>org.apache.jsp.src.A2050_005fFSA_005fDOB_005fInvalid_005fDMCheck_jsp</servlet-name>
        <servlet-class>org.apache.jsp.src.A2050_005fFSA_005fDOB_005fInvalid_005fDMCheck_jsp</servlet-class>
    </servlet>

    <servlet>
        <servlet-name>org.apache.jsp.src.A2060_005fFSA_005fPolicyLookup_005fDA_jsp</servlet-name>
        <servlet-class>org.apache.jsp.src.A2060_005fFSA_005fPolicyLookup_005fDA_jsp</servlet-class>
    </servlet>

    <servlet>
        <servlet-name>org.apache.jsp.src.A2060_005fFSA_005fPolicyLookup_005fDA_005fMenu_jsp</servlet-name>
        <servlet-class>org.apache.jsp.src.A2060_005fFSA_005fPolicyLookup_005fDA_005fMenu_jsp</servlet-class>
    </servlet>

    <servlet>
        <servlet-name>org.apache.jsp.src.A3000_005fFSA_005fBal_005fInqry_005fPP_jsp</servlet-name>
        <servlet-class>org.apache.jsp.src.A3000_005fFSA_005fBal_005fInqry_005fPP_jsp</servlet-class>
    </servlet>

    <servlet>
        <servlet-name>org.apache.jsp.src.A3010_005fFSA_005fClaim_005fStat_005fPP_jsp</servlet-name>
        <servlet-class>org.apache.jsp.src.A3010_005fFSA_005fClaim_005fStat_005fPP_jsp</servlet-class>
    </servlet>

    <servlet>
        <servlet-name>org.apache.jsp.src.A3020_005fFSA_005fHsa_005fOr_005fDependntCare_005fDM_jsp</servlet-name>
        <servlet-class>org.apache.jsp.src.A3020_005fFSA_005fHsa_005fOr_005fDependntCare_005fDM_jsp</servlet-class>
    </servlet>

    <servlet>
        <servlet-name>org.apache.jsp.src.A3020_005fFSA_005fHsa_005fOr_005fDependntCare_005fDMCheck_jsp</servlet-name>
        <servlet-class>org.apache.jsp.src.A3020_005fFSA_005fHsa_005fOr_005fDependntCare_005fDMCheck_jsp</servlet-class>
    </servlet>

    <servlet>
        <servlet-name>org.apache.jsp.src.A3030_005fFSA_005fPlay_005fHsa_005fDependntCare_005fPP_jsp</servlet-name>
        <servlet-class>org.apache.jsp.src.A3030_005fFSA_005fPlay_005fHsa_005fDependntCare_005fPP_jsp</servlet-class>
    </servlet>

    <servlet>
        <servlet-name>org.apache.jsp.src.A3040_005fFSA_005fPlan_005fYr_005fInfo_005fPP_jsp</servlet-name>
        <servlet-class>org.apache.jsp.src.A3040_005fFSA_005fPlan_005fYr_005fInfo_005fPP_jsp</servlet-class>
    </servlet>

    <servlet>
        <servlet-name>org.apache.jsp.src.A3050_005fFSA_005fLast_005fReimbursement_005fPP_jsp</servlet-name>
        <servlet-class>org.apache.jsp.src.A3050_005fFSA_005fLast_005fReimbursement_005fPP_jsp</servlet-class>
    </servlet>

    <servlet>
        <servlet-name>org.apache.jsp.src.A3060_005fFSA_005fMailing_005fAddress_005fPP_jsp</servlet-name>
        <servlet-class>org.apache.jsp.src.A3060_005fFSA_005fMailing_005fAddress_005fPP_jsp</servlet-class>
    </servlet>

    <servlet>
        <servlet-name>org.apache.jsp.src.A3070_005fFSA_005fMenu_005fOptions_005fDM_jsp</servlet-name>
        <servlet-class>org.apache.jsp.src.A3070_005fFSA_005fMenu_005fOptions_005fDM_jsp</servlet-class>
    </servlet>

    <servlet>
        <servlet-name>org.apache.jsp.src.A3070_005fFSA_005fMenu_005fOptions_005fDMCheck_jsp</servlet-name>
        <servlet-class>org.apache.jsp.src.A3070_005fFSA_005fMenu_005fOptions_005fDMCheck_jsp</servlet-class>
    </servlet>

    <servlet>
        <servlet-name>org.apache.jsp.src.A3090_005fFSA_005fBill_005fStatements_005fPP_jsp</servlet-name>
        <servlet-class>org.apache.jsp.src.A3090_005fFSA_005fBill_005fStatements_005fPP_jsp</servlet-class>
    </servlet>

    <servlet>
        <servlet-name>org.apache.jsp.src.A9000_005fGeneral_005fError_005fBC_jsp</servlet-name>
        <servlet-class>org.apache.jsp.src.A9000_005fGeneral_005fError_005fBC_jsp</servlet-class>
    </servlet>

    <servlet>
        <servlet-name>org.apache.jsp.src.A9000_005fGeneral_005fError_005fPP_jsp</servlet-name>
        <servlet-class>org.apache.jsp.src.A9000_005fGeneral_005fError_005fPP_jsp</servlet-class>
    </servlet>

    <servlet>
        <servlet-name>org.apache.jsp.src.A9020_005fCall_005fTransfer_005fMessage_005fPP_jsp</servlet-name>
        <servlet-class>org.apache.jsp.src.A9020_005fCall_005fTransfer_005fMessage_005fPP_jsp</servlet-class>
    </servlet>

    <servlet>
        <servlet-name>org.apache.jsp.src.A9020_005fCall_005fTransfer_005fMessage_005fRoutingMenu_jsp</servlet-name>
        <servlet-class>org.apache.jsp.src.A9020_005fCall_005fTransfer_005fMessage_005fRoutingMenu_jsp</servlet-class>
    </servlet>

    <servlet>
        <servlet-name>org.apache.jsp.src.A9020_005fCall_005fTransfer_005fMessage_005fTransfer_005fBadDestination_jsp</servlet-name>
        <servlet-class>org.apache.jsp.src.A9020_005fCall_005fTransfer_005fMessage_005fTransfer_005fBadDestination_jsp</servlet-class>
    </servlet>

    <servlet>
        <servlet-name>org.apache.jsp.src.A9023_005fData_005fTransfer_jsp</servlet-name>
        <servlet-class>org.apache.jsp.src.A9023_005fData_005fTransfer_jsp</servlet-class>
    </servlet>

    <servlet>
        <servlet-name>org.apache.jsp.src.A9025_005fCall_005fTransfer_005fCT_jsp</servlet-name>
        <servlet-class>org.apache.jsp.src.A9025_005fCall_005fTransfer_005fCT_jsp</servlet-class>
    </servlet>

    <servlet>
        <servlet-name>org.apache.jsp.src.A9052_005fIVRHangup_005fPP_jsp</servlet-name>
        <servlet-class>org.apache.jsp.src.A9052_005fIVRHangup_005fPP_jsp</servlet-class>
    </servlet>

    <servlet>
        <servlet-name>org.apache.jsp.src.C1000_005fMeeting_005fMsg_005fPP_jsp</servlet-name>
        <servlet-class>org.apache.jsp.src.C1000_005fMeeting_005fMsg_005fPP_jsp</servlet-class>
    </servlet>

    <servlet>
        <servlet-name>org.apache.jsp.src.D1000_005fAskFax_005fDM_jsp</servlet-name>
        <servlet-class>org.apache.jsp.src.D1000_005fAskFax_005fDM_jsp</servlet-class>
    </servlet>

    <servlet>
        <servlet-name>org.apache.jsp.src.D1000_005fAskFax_005fDMCheck_jsp</servlet-name>
        <servlet-class>org.apache.jsp.src.D1000_005fAskFax_005fDMCheck_jsp</servlet-class>
    </servlet>

    <servlet>
        <servlet-name>org.apache.jsp.src.D2000_005fFaxNumber_005fDM_jsp</servlet-name>
        <servlet-class>org.apache.jsp.src.D2000_005fFaxNumber_005fDM_jsp</servlet-class>
    </servlet>

    <servlet>
        <servlet-name>org.apache.jsp.src.D2000_005fFaxNumber_005fDMCheck_jsp</servlet-name>
        <servlet-class>org.apache.jsp.src.D2000_005fFaxNumber_005fDMCheck_jsp</servlet-class>
    </servlet>

    <servlet>
        <servlet-name>org.apache.jsp.src.D2100_005fSendFax_005fDA_jsp</servlet-name>
        <servlet-class>org.apache.jsp.src.D2100_005fSendFax_005fDA_jsp</servlet-class>
    </servlet>

    <servlet>
        <servlet-name>org.apache.jsp.src.D3000_005fReceiveFax_005fPP_jsp</servlet-name>
        <servlet-class>org.apache.jsp.src.D3000_005fReceiveFax_005fPP_jsp</servlet-class>
    </servlet>

    <servlet>
        <servlet-name>org.apache.jsp.src.D3100_005fFaxEndMenu_005fDM_jsp</servlet-name>
        <servlet-class>org.apache.jsp.src.D3100_005fFaxEndMenu_005fDM_jsp</servlet-class>
    </servlet>

    <servlet>
        <servlet-name>org.apache.jsp.src.D3100_005fFaxEndMenu_005fDMCheck_jsp</servlet-name>
        <servlet-class>org.apache.jsp.src.D3100_005fFaxEndMenu_005fDMCheck_jsp</servlet-class>
    </servlet>

    <servlet>
        <servlet-name>org.apache.jsp.src.FSA_005fgetAttData_005fLog_jsp</servlet-name>
        <servlet-class>org.apache.jsp.src.FSA_005fgetAttData_005fLog_jsp</servlet-class>
    </servlet>

    <servlet>
        <servlet-name>org.apache.jsp.src.FSA_005fgetAttData_005fRoutingMenu_jsp</servlet-name>
        <servlet-class>org.apache.jsp.src.FSA_005fgetAttData_005fRoutingMenu_jsp</servlet-class>
    </servlet>

    <servlet>
        <servlet-name>org.apache.jsp.src.FSA_005fNDM_005fCheckType_jsp</servlet-name>
        <servlet-class>org.apache.jsp.src.FSA_005fNDM_005fCheckType_jsp</servlet-class>
    </servlet>

    <servlet>
        <servlet-name>org.apache.jsp.src.FSA_005fNDM_005fInit_jsp</servlet-name>
        <servlet-class>org.apache.jsp.src.FSA_005fNDM_005fInit_jsp</servlet-class>
    </servlet>

    <servlet>
        <servlet-name>org.apache.jsp.src.FSA_005fNDM_005fProperties_jsp</servlet-name>
        <servlet-class>org.apache.jsp.src.FSA_005fNDM_005fProperties_jsp</servlet-class>
    </servlet>

    <servlet>
        <servlet-name>org.apache.jsp.src.FSA_005fNDM_005fReturnValues_jsp</servlet-name>
        <servlet-class>org.apache.jsp.src.FSA_005fNDM_005fReturnValues_jsp</servlet-class>
    </servlet>

    <servlet>
        <servlet-name>org.apache.jsp.src.FSA_005fparseAttData_jsp</servlet-name>
        <servlet-class>org.apache.jsp.src.FSA_005fparseAttData_jsp</servlet-class>
    </servlet>

    <servlet>
        <servlet-name>org.apache.jsp.src.FSA_005fPlayPrompt_005fReportEnd_jsp</servlet-name>
        <servlet-class>org.apache.jsp.src.FSA_005fPlayPrompt_005fReportEnd_jsp</servlet-class>
    </servlet>

    <servlet>
        <servlet-name>org.apache.jsp.src.FSA_005fPlayPrompt_005fReportStart_jsp</servlet-name>
        <servlet-class>org.apache.jsp.src.FSA_005fPlayPrompt_005fReportStart_jsp</servlet-class>
    </servlet>

    <servlet>
        <servlet-name>org.apache.jsp.src.FSA_005fPlayPrompt_005fTypeAndPromptCheck_jsp</servlet-name>
        <servlet-class>org.apache.jsp.src.FSA_005fPlayPrompt_005fTypeAndPromptCheck_jsp</servlet-class>
    </servlet>

    <servlet>
        <servlet-name>org.apache.jsp.src.G1000_005fGoodbye_005fPP_jsp</servlet-name>
        <servlet-class>org.apache.jsp.src.G1000_005fGoodbye_005fPP_jsp</servlet-class>
    </servlet>

    <servlet>
        <servlet-name>org.apache.jsp.src.GP1000_005fWelcome_005fPP_jsp</servlet-name>
        <servlet-class>org.apache.jsp.src.GP1000_005fWelcome_005fPP_jsp</servlet-class>
    </servlet>

    <servlet>
        <servlet-name>org.apache.jsp.src.GP1000_005fWelcome_005fPP_005fMenu_005fBranch_jsp</servlet-name>
        <servlet-class>org.apache.jsp.src.GP1000_005fWelcome_005fPP_005fMenu_005fBranch_jsp</servlet-class>
    </servlet>

    <servlet>
        <servlet-name>org.apache.jsp.src.GP2000_005fCallerType_005fDM_jsp</servlet-name>
        <servlet-class>org.apache.jsp.src.GP2000_005fCallerType_005fDM_jsp</servlet-class>
    </servlet>

    <servlet>
        <servlet-name>org.apache.jsp.src.GP2000_005fCallerType_005fDM_005fCheck_jsp</servlet-name>
        <servlet-class>org.apache.jsp.src.GP2000_005fCallerType_005fDM_005fCheck_jsp</servlet-class>
    </servlet>

    <servlet>
        <servlet-name>org.apache.jsp.src.GP2010_005fOpt_005f6_005fDM_jsp</servlet-name>
        <servlet-class>org.apache.jsp.src.GP2010_005fOpt_005f6_005fDM_jsp</servlet-class>
    </servlet>

    <servlet>
        <servlet-name>org.apache.jsp.src.GP2010_005fOpt_005f6_005fDM_005fCheck_jsp</servlet-name>
        <servlet-class>org.apache.jsp.src.GP2010_005fOpt_005f6_005fDM_005fCheck_jsp</servlet-class>
    </servlet>

    <servlet>
        <servlet-name>org.apache.jsp.src.GP2020_005fAuto_005fAttendant_005fTransfer_jsp</servlet-name>
        <servlet-class>org.apache.jsp.src.GP2020_005fAuto_005fAttendant_005fTransfer_jsp</servlet-class>
    </servlet>

    <servlet>
        <servlet-name>org.apache.jsp.src.GP3000_005fBroker_005fMenu_005fDM_jsp</servlet-name>
        <servlet-class>org.apache.jsp.src.GP3000_005fBroker_005fMenu_005fDM_jsp</servlet-class>
    </servlet>

    <servlet>
        <servlet-name>org.apache.jsp.src.GP3000_005fBroker_005fMenu_005fDM_005fCheck_jsp</servlet-name>
        <servlet-class>org.apache.jsp.src.GP3000_005fBroker_005fMenu_005fDM_005fCheck_jsp</servlet-class>
    </servlet>

    <servlet>
        <servlet-name>org.apache.jsp.src.GP4000_005fAccount_005fMenu_005fDM_jsp</servlet-name>
        <servlet-class>org.apache.jsp.src.GP4000_005fAccount_005fMenu_005fDM_jsp</servlet-class>
    </servlet>

    <servlet>
        <servlet-name>org.apache.jsp.src.GP4000_005fAccount_005fMenu_005fDM_005fCheck_jsp</servlet-name>
        <servlet-class>org.apache.jsp.src.GP4000_005fAccount_005fMenu_005fDM_005fCheck_jsp</servlet-class>
    </servlet>

    <servlet>
        <servlet-name>org.apache.jsp.src.GP4100_005fPlanId_005fLookUp_005fDA_jsp</servlet-name>
        <servlet-class>org.apache.jsp.src.GP4100_005fPlanId_005fLookUp_005fDA_jsp</servlet-class>
    </servlet>

    <servlet>
        <servlet-name>org.apache.jsp.src.I1000_005fMemberID_005fDM_jsp</servlet-name>
        <servlet-class>org.apache.jsp.src.I1000_005fMemberID_005fDM_jsp</servlet-class>
    </servlet>

    <servlet>
        <servlet-name>org.apache.jsp.src.I1000_005fMemberID_005fDMCheck_jsp</servlet-name>
        <servlet-class>org.apache.jsp.src.I1000_005fMemberID_005fDMCheck_jsp</servlet-class>
    </servlet>

    <servlet>
        <servlet-name>org.apache.jsp.src.I1100_005fMemberLookup_005fDA_jsp</servlet-name>
        <servlet-class>org.apache.jsp.src.I1100_005fMemberLookup_005fDA_jsp</servlet-class>
    </servlet>

    <servlet>
        <servlet-name>org.apache.jsp.src.I1110_005fWhich_005fPolicy_005fDM_jsp</servlet-name>
        <servlet-class>org.apache.jsp.src.I1110_005fWhich_005fPolicy_005fDM_jsp</servlet-class>
    </servlet>

    <servlet>
        <servlet-name>org.apache.jsp.src.I1110_005fWhich_005fPolicy_005fDMCheck_jsp</servlet-name>
        <servlet-class>org.apache.jsp.src.I1110_005fWhich_005fPolicy_005fDMCheck_jsp</servlet-class>
    </servlet>

    <servlet>
        <servlet-name>org.apache.jsp.src.I1200_005fMemberInvalidConfirm_005fDM_jsp</servlet-name>
        <servlet-class>org.apache.jsp.src.I1200_005fMemberInvalidConfirm_005fDM_jsp</servlet-class>
    </servlet>

    <servlet>
        <servlet-name>org.apache.jsp.src.I1200_005fMemberInvalidConfirm_005fDMCheck_jsp</servlet-name>
        <servlet-class>org.apache.jsp.src.I1200_005fMemberInvalidConfirm_005fDMCheck_jsp</servlet-class>
    </servlet>

    <servlet>
        <servlet-name>org.apache.jsp.src.I2000_005fMemberDOB_005fDM_jsp</servlet-name>
        <servlet-class>org.apache.jsp.src.I2000_005fMemberDOB_005fDM_jsp</servlet-class>
    </servlet>

    <servlet>
        <servlet-name>org.apache.jsp.src.I2000_005fMemberDOB_005fDMCheck_jsp</servlet-name>
        <servlet-class>org.apache.jsp.src.I2000_005fMemberDOB_005fDMCheck_jsp</servlet-class>
    </servlet>

    <servlet>
        <servlet-name>org.apache.jsp.src.I2000_005fMemberDOB_005fDM_005fMenu_jsp</servlet-name>
        <servlet-class>org.apache.jsp.src.I2000_005fMemberDOB_005fDM_005fMenu_jsp</servlet-class>
    </servlet>

    <servlet>
        <servlet-name>org.apache.jsp.src.I2100_005fMemberDOBConfirm_005fDM_jsp</servlet-name>
        <servlet-class>org.apache.jsp.src.I2100_005fMemberDOBConfirm_005fDM_jsp</servlet-class>
    </servlet>

    <servlet>
        <servlet-name>org.apache.jsp.src.I2100_005fMemberDOBConfirm_005fDMCheck_jsp</servlet-name>
        <servlet-class>org.apache.jsp.src.I2100_005fMemberDOBConfirm_005fDMCheck_jsp</servlet-class>
    </servlet>

    <servlet>
        <servlet-name>org.apache.jsp.src.I3000_005fCallerTypeCheck_005fDS_jsp</servlet-name>
        <servlet-class>org.apache.jsp.src.I3000_005fCallerTypeCheck_005fDS_jsp</servlet-class>
    </servlet>

    <servlet>
        <servlet-name>org.apache.jsp.src.M1000_005fMemberMenu_005fDM_jsp</servlet-name>
        <servlet-class>org.apache.jsp.src.M1000_005fMemberMenu_005fDM_jsp</servlet-class>
    </servlet>

    <servlet>
        <servlet-name>org.apache.jsp.src.M1000_005fMemberMenu_005fDMCheck_jsp</servlet-name>
        <servlet-class>org.apache.jsp.src.M1000_005fMemberMenu_005fDMCheck_jsp</servlet-class>
    </servlet>

    <servlet>
        <servlet-name>org.apache.jsp.src.M1000_005fMemberMenu_005fDM_005fMenu_jsp</servlet-name>
        <servlet-class>org.apache.jsp.src.M1000_005fMemberMenu_005fDM_005fMenu_jsp</servlet-class>
    </servlet>

    <servlet>
        <servlet-name>org.apache.jsp.src.M2000_005fAddressFax_005fDM_jsp</servlet-name>
        <servlet-class>org.apache.jsp.src.M2000_005fAddressFax_005fDM_jsp</servlet-class>
    </servlet>

    <servlet>
        <servlet-name>org.apache.jsp.src.M2000_005fAddressFax_005fDMCheck_jsp</servlet-name>
        <servlet-class>org.apache.jsp.src.M2000_005fAddressFax_005fDMCheck_jsp</servlet-class>
    </servlet>

    <servlet>
        <servlet-name>org.apache.jsp.src.M2100_005fAddressFaxInfo_005fPP_jsp</servlet-name>
        <servlet-class>org.apache.jsp.src.M2100_005fAddressFaxInfo_005fPP_jsp</servlet-class>
    </servlet>

    <servlet>
        <servlet-name>org.apache.jsp.src.M2200_005fAddressFaxEnd_005fDM_jsp</servlet-name>
        <servlet-class>org.apache.jsp.src.M2200_005fAddressFaxEnd_005fDM_jsp</servlet-class>
    </servlet>

    <servlet>
        <servlet-name>org.apache.jsp.src.M2200_005fAddressFaxEnd_005fDMCheck_jsp</servlet-name>
        <servlet-class>org.apache.jsp.src.M2200_005fAddressFaxEnd_005fDMCheck_jsp</servlet-class>
    </servlet>

    <servlet>
        <servlet-name>org.apache.jsp.src.P1000_005fProvideMenu_005fDM_005fMenu_jsp</servlet-name>
        <servlet-class>org.apache.jsp.src.P1000_005fProvideMenu_005fDM_005fMenu_jsp</servlet-class>
    </servlet>

    <servlet>
        <servlet-name>org.apache.jsp.src.P1000_005fProviderMenu_005fDM_jsp</servlet-name>
        <servlet-class>org.apache.jsp.src.P1000_005fProviderMenu_005fDM_jsp</servlet-class>
    </servlet>

    <servlet>
        <servlet-name>org.apache.jsp.src.P1000_005fProviderMenu_005fDMCheck_jsp</servlet-name>
        <servlet-class>org.apache.jsp.src.P1000_005fProviderMenu_005fDMCheck_jsp</servlet-class>
    </servlet>

    <servlet>
        <servlet-name>org.apache.jsp.src.P2000_005fAddressFax_005fDM_jsp</servlet-name>
        <servlet-class>org.apache.jsp.src.P2000_005fAddressFax_005fDM_jsp</servlet-class>
    </servlet>

    <servlet>
        <servlet-name>org.apache.jsp.src.P2000_005fAddressFax_005fDMCheck_jsp</servlet-name>
        <servlet-class>org.apache.jsp.src.P2000_005fAddressFax_005fDMCheck_jsp</servlet-class>
    </servlet>

    <servlet>
        <servlet-name>org.apache.jsp.src.P2100_005fAddressFaxInfo_005fPP_jsp</servlet-name>
        <servlet-class>org.apache.jsp.src.P2100_005fAddressFaxInfo_005fPP_jsp</servlet-class>
    </servlet>

    <servlet>
        <servlet-name>org.apache.jsp.src.P2200_005fAddressFaxEnd_005fDM_jsp</servlet-name>
        <servlet-class>org.apache.jsp.src.P2200_005fAddressFaxEnd_005fDM_jsp</servlet-class>
    </servlet>

    <servlet>
        <servlet-name>org.apache.jsp.src.P2200_005fAddressFaxEnd_005fDMCheck_jsp</servlet-name>
        <servlet-class>org.apache.jsp.src.P2200_005fAddressFaxEnd_005fDMCheck_jsp</servlet-class>
    </servlet>

    <servlet>
        <servlet-name>org.apache.jsp.src.S1000_005fWelcome_005fPP_jsp</servlet-name>
        <servlet-class>org.apache.jsp.src.S1000_005fWelcome_005fPP_jsp</servlet-class>
    </servlet>

    <servlet>
        <servlet-name>org.apache.jsp.src.S1000_005fWelcome_005fPP_005fMenu_jsp</servlet-name>
        <servlet-class>org.apache.jsp.src.S1000_005fWelcome_005fPP_005fMenu_jsp</servlet-class>
    </servlet>

    <servlet>
        <servlet-name>org.apache.jsp.src.S1100_005fProviderMember_005fDM_jsp</servlet-name>
        <servlet-class>org.apache.jsp.src.S1100_005fProviderMember_005fDM_jsp</servlet-class>
    </servlet>

    <servlet>
        <servlet-name>org.apache.jsp.src.S1100_005fProviderMember_005fDMCheck_jsp</servlet-name>
        <servlet-class>org.apache.jsp.src.S1100_005fProviderMember_005fDMCheck_jsp</servlet-class>
    </servlet>

    <servlet>
        <servlet-name>org.apache.jsp.src.Z9030_005fCaller_005fRequested_005fTransfer_005fPP_jsp</servlet-name>
        <servlet-class>org.apache.jsp.src.Z9030_005fCaller_005fRequested_005fTransfer_005fPP_jsp</servlet-class>
    </servlet>

    <servlet>
        <servlet-name>org.apache.jsp.src.Z9070_005fSys_005fError_005fPP_jsp</servlet-name>
        <servlet-class>org.apache.jsp.src.Z9070_005fSys_005fError_005fPP_jsp</servlet-class>
    </servlet>

    <servlet>
        <servlet-name>org.apache.jsp.src.Z9999_005fTerminateCall_jsp</servlet-name>
        <servlet-class>org.apache.jsp.src.Z9999_005fTerminateCall_jsp</servlet-class>
    </servlet>

    <servlet>
        <servlet-name>org.apache.jsp.include.Capture_jsp</servlet-name>
        <servlet-class>org.apache.jsp.include.Capture_jsp</servlet-class>
    </servlet>

    <servlet>
        <servlet-name>org.apache.jsp.include.dbInputForm_jsp</servlet-name>
        <servlet-class>org.apache.jsp.include.dbInputForm_jsp</servlet-class>
    </servlet>

    <servlet>
        <servlet-name>org.apache.jsp.include.dbrequest_jsp</servlet-name>
        <servlet-class>org.apache.jsp.include.dbrequest_jsp</servlet-class>
    </servlet>

    <servlet>
        <servlet-name>org.apache.jsp.include.getWebRequestData_jsp</servlet-name>
        <servlet-class>org.apache.jsp.include.getWebRequestData_jsp</servlet-class>
    </servlet>

    <servlet>
        <servlet-name>org.apache.jsp.include.getWebServiceData_jsp</servlet-name>
        <servlet-class>org.apache.jsp.include.getWebServiceData_jsp</servlet-class>
    </servlet>

    <servlet-mapping>
        <servlet-name>org.apache.jsp.src.A0000_005fFSA_005fWelcome_005fPP_jsp</servlet-name>
        <url-pattern>/src/A0000_FSA_Welcome_PP.jsp</url-pattern>
    </servlet-mapping>

    <servlet-mapping>
        <servlet-name>org.apache.jsp.src.A0000_005fFSA_005fWelcome_005fPP_005fMenu_jsp</servlet-name>
        <url-pattern>/src/A0000_FSA_Welcome_PP_Menu.jsp</url-pattern>
    </servlet-mapping>

    <servlet-mapping>
        <servlet-name>org.apache.jsp.src.A1000_005fAddress_005fDM_jsp</servlet-name>
        <url-pattern>/src/A1000_Address_DM.jsp</url-pattern>
    </servlet-mapping>

    <servlet-mapping>
        <servlet-name>org.apache.jsp.src.A1000_005fAddress_005fDMCheck_jsp</servlet-name>
        <url-pattern>/src/A1000_Address_DMCheck.jsp</url-pattern>
    </servlet-mapping>

    <servlet-mapping>
        <servlet-name>org.apache.jsp.src.A1000_005fAddress_005fDM_005fMenu_jsp</servlet-name>
        <url-pattern>/src/A1000_Address_DM_Menu.jsp</url-pattern>
    </servlet-mapping>

    <servlet-mapping>
        <servlet-name>org.apache.jsp.src.A1000_005fStartCall_005fCheckException_jsp</servlet-name>
        <url-pattern>/src/A1000_StartCall_CheckException.jsp</url-pattern>
    </servlet-mapping>

    <servlet-mapping>
        <servlet-name>org.apache.jsp.src.A1000_005fStartCall_005fHandle_005fHangup_jsp</servlet-name>
        <url-pattern>/src/A1000_StartCall_Handle_Hangup.jsp</url-pattern>
    </servlet-mapping>

    <servlet-mapping>
        <servlet-name>org.apache.jsp.src.A1000_005fStartCall_005fInitialization_jsp</servlet-name>
        <url-pattern>/src/A1000_StartCall_Initialization.jsp</url-pattern>
    </servlet-mapping>

    <servlet-mapping>
        <servlet-name>org.apache.jsp.src.A1000_005fStartCall_005fRoutingMenu_jsp</servlet-name>
        <url-pattern>/src/A1000_StartCall_RoutingMenu.jsp</url-pattern>
    </servlet-mapping>

    <servlet-mapping>
        <servlet-name>org.apache.jsp.src.A1010_005fFSA_005fCallerType_005fDM_jsp</servlet-name>
        <url-pattern>/src/A1010_FSA_CallerType_DM.jsp</url-pattern>
    </servlet-mapping>

    <servlet-mapping>
        <servlet-name>org.apache.jsp.src.A1010_005fFSA_005fCallerType_005fDMCheck_jsp</servlet-name>
        <url-pattern>/src/A1010_FSA_CallerType_DMCheck.jsp</url-pattern>
    </servlet-mapping>

    <servlet-mapping>
        <servlet-name>org.apache.jsp.src.A1020_005fFSA_005fEmployee_005fCall_005fReason_005fDM_jsp</servlet-name>
        <url-pattern>/src/A1020_FSA_Employee_Call_Reason_DM.jsp</url-pattern>
    </servlet-mapping>

    <servlet-mapping>
        <servlet-name>org.apache.jsp.src.A1020_005fFSA_005fEmployee_005fCall_005fReason_005fDMCheck_jsp</servlet-name>
        <url-pattern>/src/A1020_FSA_Employee_Call_Reason_DMCheck.jsp</url-pattern>
    </servlet-mapping>

    <servlet-mapping>
        <servlet-name>org.apache.jsp.src.A1020_005fFSA_005fEmployee_005fCall_005fReason_005fMenu_jsp</servlet-name>
        <url-pattern>/src/A1020_FSA_Employee_Call_Reason_Menu.jsp</url-pattern>
    </servlet-mapping>

    <servlet-mapping>
        <servlet-name>org.apache.jsp.src.A1030_005fFSA_005fEmployer_005fCall_005fReason_005fDM_jsp</servlet-name>
        <url-pattern>/src/A1030_FSA_Employer_Call_Reason_DM.jsp</url-pattern>
    </servlet-mapping>

    <servlet-mapping>
        <servlet-name>org.apache.jsp.src.A1030_005fFSA_005fEmployer_005fCall_005fReason_005fDMCheck_jsp</servlet-name>
        <url-pattern>/src/A1030_FSA_Employer_Call_Reason_DMCheck.jsp</url-pattern>
    </servlet-mapping>

    <servlet-mapping>
        <servlet-name>org.apache.jsp.src.A2000_005fDental_005fClaimInfo_005fPP_jsp</servlet-name>
        <url-pattern>/src/A2000_Dental_ClaimInfo_PP.jsp</url-pattern>
    </servlet-mapping>

    <servlet-mapping>
        <servlet-name>org.apache.jsp.src.A2010_005fDental_005fClaimInfoEnd_005fDM_jsp</servlet-name>
        <url-pattern>/src/A2010_Dental_ClaimInfoEnd_DM.jsp</url-pattern>
    </servlet-mapping>

    <servlet-mapping>
        <servlet-name>org.apache.jsp.src.A2010_005fDental_005fClaimInfoEnd_005fDMCheck_jsp</servlet-name>
        <url-pattern>/src/A2010_Dental_ClaimInfoEnd_DMCheck.jsp</url-pattern>
    </servlet-mapping>

    <servlet-mapping>
        <servlet-name>org.apache.jsp.src.A2010_005fFSA_005fGet_005fSSN_005fDM_jsp</servlet-name>
        <url-pattern>/src/A2010_FSA_Get_SSN_DM.jsp</url-pattern>
    </servlet-mapping>

    <servlet-mapping>
        <servlet-name>org.apache.jsp.src.A2010_005fFSA_005fGet_005fSSN_005fDMCheck_jsp</servlet-name>
        <url-pattern>/src/A2010_FSA_Get_SSN_DMCheck.jsp</url-pattern>
    </servlet-mapping>

    <servlet-mapping>
        <servlet-name>org.apache.jsp.src.A2010_005fFSA_005fGet_005fSSN_005fDM_005fMenu_jsp</servlet-name>
        <url-pattern>/src/A2010_FSA_Get_SSN_DM_Menu.jsp</url-pattern>
    </servlet-mapping>

    <servlet-mapping>
        <servlet-name>org.apache.jsp.src.A2020_005fFSA_005fSSN_005fLookup_005fDA_jsp</servlet-name>
        <url-pattern>/src/A2020_FSA_SSN_Lookup_DA.jsp</url-pattern>
    </servlet-mapping>

    <servlet-mapping>
        <servlet-name>org.apache.jsp.src.A2030_005fFSA_005fSSN_005fInvalid_005fDM_jsp</servlet-name>
        <url-pattern>/src/A2030_FSA_SSN_Invalid_DM.jsp</url-pattern>
    </servlet-mapping>

    <servlet-mapping>
        <servlet-name>org.apache.jsp.src.A2030_005fFSA_005fSSN_005fInvalid_005fDMCheck_jsp</servlet-name>
        <url-pattern>/src/A2030_FSA_SSN_Invalid_DMCheck.jsp</url-pattern>
    </servlet-mapping>

    <servlet-mapping>
        <servlet-name>org.apache.jsp.src.A2040_005fFSA_005fGet_005fDOB_005fDM_jsp</servlet-name>
        <url-pattern>/src/A2040_FSA_Get_DOB_DM.jsp</url-pattern>
    </servlet-mapping>

    <servlet-mapping>
        <servlet-name>org.apache.jsp.src.A2040_005fFSA_005fGet_005fDOB_005fDMCheck_jsp</servlet-name>
        <url-pattern>/src/A2040_FSA_Get_DOB_DMCheck.jsp</url-pattern>
    </servlet-mapping>

    <servlet-mapping>
        <servlet-name>org.apache.jsp.src.A2050_005fFSA_005fDOB_005fInvalid_005fDM_jsp</servlet-name>
        <url-pattern>/src/A2050_FSA_DOB_Invalid_DM.jsp</url-pattern>
    </servlet-mapping>

    <servlet-mapping>
        <servlet-name>org.apache.jsp.src.A2050_005fFSA_005fDOB_005fInvalid_005fDMCheck_jsp</servlet-name>
        <url-pattern>/src/A2050_FSA_DOB_Invalid_DMCheck.jsp</url-pattern>
    </servlet-mapping>

    <servlet-mapping>
        <servlet-name>org.apache.jsp.src.A2060_005fFSA_005fPolicyLookup_005fDA_jsp</servlet-name>
        <url-pattern>/src/A2060_FSA_PolicyLookup_DA.jsp</url-pattern>
    </servlet-mapping>

    <servlet-mapping>
        <servlet-name>org.apache.jsp.src.A2060_005fFSA_005fPolicyLookup_005fDA_005fMenu_jsp</servlet-name>
        <url-pattern>/src/A2060_FSA_PolicyLookup_DA_Menu.jsp</url-pattern>
    </servlet-mapping>

    <servlet-mapping>
        <servlet-name>org.apache.jsp.src.A3000_005fFSA_005fBal_005fInqry_005fPP_jsp</servlet-name>
        <url-pattern>/src/A3000_FSA_Bal_Inqry_PP.jsp</url-pattern>
    </servlet-mapping>

    <servlet-mapping>
        <servlet-name>org.apache.jsp.src.A3010_005fFSA_005fClaim_005fStat_005fPP_jsp</servlet-name>
        <url-pattern>/src/A3010_FSA_Claim_Stat_PP.jsp</url-pattern>
    </servlet-mapping>

    <servlet-mapping>
        <servlet-name>org.apache.jsp.src.A3020_005fFSA_005fHsa_005fOr_005fDependntCare_005fDM_jsp</servlet-name>
        <url-pattern>/src/A3020_FSA_Hsa_Or_DependntCare_DM.jsp</url-pattern>
    </servlet-mapping>

    <servlet-mapping>
        <servlet-name>org.apache.jsp.src.A3020_005fFSA_005fHsa_005fOr_005fDependntCare_005fDMCheck_jsp</servlet-name>
        <url-pattern>/src/A3020_FSA_Hsa_Or_DependntCare_DMCheck.jsp</url-pattern>
    </servlet-mapping>

    <servlet-mapping>
        <servlet-name>org.apache.jsp.src.A3030_005fFSA_005fPlay_005fHsa_005fDependntCare_005fPP_jsp</servlet-name>
        <url-pattern>/src/A3030_FSA_Play_Hsa_DependntCare_PP.jsp</url-pattern>
    </servlet-mapping>

    <servlet-mapping>
        <servlet-name>org.apache.jsp.src.A3040_005fFSA_005fPlan_005fYr_005fInfo_005fPP_jsp</servlet-name>
        <url-pattern>/src/A3040_FSA_Plan_Yr_Info_PP.jsp</url-pattern>
    </servlet-mapping>

    <servlet-mapping>
        <servlet-name>org.apache.jsp.src.A3050_005fFSA_005fLast_005fReimbursement_005fPP_jsp</servlet-name>
        <url-pattern>/src/A3050_FSA_Last_Reimbursement_PP.jsp</url-pattern>
    </servlet-mapping>

    <servlet-mapping>
        <servlet-name>org.apache.jsp.src.A3060_005fFSA_005fMailing_005fAddress_005fPP_jsp</servlet-name>
        <url-pattern>/src/A3060_FSA_Mailing_Address_PP.jsp</url-pattern>
    </servlet-mapping>

    <servlet-mapping>
        <servlet-name>org.apache.jsp.src.A3070_005fFSA_005fMenu_005fOptions_005fDM_jsp</servlet-name>
        <url-pattern>/src/A3070_FSA_Menu_Options_DM.jsp</url-pattern>
    </servlet-mapping>

    <servlet-mapping>
        <servlet-name>org.apache.jsp.src.A3070_005fFSA_005fMenu_005fOptions_005fDMCheck_jsp</servlet-name>
        <url-pattern>/src/A3070_FSA_Menu_Options_DMCheck.jsp</url-pattern>
    </servlet-mapping>

    <servlet-mapping>
        <servlet-name>org.apache.jsp.src.A3090_005fFSA_005fBill_005fStatements_005fPP_jsp</servlet-name>
        <url-pattern>/src/A3090_FSA_Bill_Statements_PP.jsp</url-pattern>
    </servlet-mapping>

    <servlet-mapping>
        <servlet-name>org.apache.jsp.src.A9000_005fGeneral_005fError_005fBC_jsp</servlet-name>
        <url-pattern>/src/A9000_General_Error_BC.jsp</url-pattern>
    </servlet-mapping>

    <servlet-mapping>
        <servlet-name>org.apache.jsp.src.A9000_005fGeneral_005fError_005fPP_jsp</servlet-name>
        <url-pattern>/src/A9000_General_Error_PP.jsp</url-pattern>
    </servlet-mapping>

    <servlet-mapping>
        <servlet-name>org.apache.jsp.src.A9020_005fCall_005fTransfer_005fMessage_005fPP_jsp</servlet-name>
        <url-pattern>/src/A9020_Call_Transfer_Message_PP.jsp</url-pattern>
    </servlet-mapping>

    <servlet-mapping>
        <servlet-name>org.apache.jsp.src.A9020_005fCall_005fTransfer_005fMessage_005fRoutingMenu_jsp</servlet-name>
        <url-pattern>/src/A9020_Call_Transfer_Message_RoutingMenu.jsp</url-pattern>
    </servlet-mapping>

    <servlet-mapping>
        <servlet-name>org.apache.jsp.src.A9020_005fCall_005fTransfer_005fMessage_005fTransfer_005fBadDestination_jsp</servlet-name>
        <url-pattern>/src/A9020_Call_Transfer_Message_Transfer_BadDestination.jsp</url-pattern>
    </servlet-mapping>

    <servlet-mapping>
        <servlet-name>org.apache.jsp.src.A9023_005fData_005fTransfer_jsp</servlet-name>
        <url-pattern>/src/A9023_Data_Transfer.jsp</url-pattern>
    </servlet-mapping>

    <servlet-mapping>
        <servlet-name>org.apache.jsp.src.A9025_005fCall_005fTransfer_005fCT_jsp</servlet-name>
        <url-pattern>/src/A9025_Call_Transfer_CT.jsp</url-pattern>
    </servlet-mapping>

    <servlet-mapping>
        <servlet-name>org.apache.jsp.src.A9052_005fIVRHangup_005fPP_jsp</servlet-name>
        <url-pattern>/src/A9052_IVRHangup_PP.jsp</url-pattern>
    </servlet-mapping>

    <servlet-mapping>
        <servlet-name>org.apache.jsp.src.C1000_005fMeeting_005fMsg_005fPP_jsp</servlet-name>
        <url-pattern>/src/C1000_Meeting_Msg_PP.jsp</url-pattern>
    </servlet-mapping>

    <servlet-mapping>
        <servlet-name>org.apache.jsp.src.D1000_005fAskFax_005fDM_jsp</servlet-name>
        <url-pattern>/src/D1000_AskFax_DM.jsp</url-pattern>
    </servlet-mapping>

    <servlet-mapping>
        <servlet-name>org.apache.jsp.src.D1000_005fAskFax_005fDMCheck_jsp</servlet-name>
        <url-pattern>/src/D1000_AskFax_DMCheck.jsp</url-pattern>
    </servlet-mapping>

    <servlet-mapping>
        <servlet-name>org.apache.jsp.src.D2000_005fFaxNumber_005fDM_jsp</servlet-name>
        <url-pattern>/src/D2000_FaxNumber_DM.jsp</url-pattern>
    </servlet-mapping>

    <servlet-mapping>
        <servlet-name>org.apache.jsp.src.D2000_005fFaxNumber_005fDMCheck_jsp</servlet-name>
        <url-pattern>/src/D2000_FaxNumber_DMCheck.jsp</url-pattern>
    </servlet-mapping>

    <servlet-mapping>
        <servlet-name>org.apache.jsp.src.D2100_005fSendFax_005fDA_jsp</servlet-name>
        <url-pattern>/src/D2100_SendFax_DA.jsp</url-pattern>
    </servlet-mapping>

    <servlet-mapping>
        <servlet-name>org.apache.jsp.src.D3000_005fReceiveFax_005fPP_jsp</servlet-name>
        <url-pattern>/src/D3000_ReceiveFax_PP.jsp</url-pattern>
    </servlet-mapping>

    <servlet-mapping>
        <servlet-name>org.apache.jsp.src.D3100_005fFaxEndMenu_005fDM_jsp</servlet-name>
        <url-pattern>/src/D3100_FaxEndMenu_DM.jsp</url-pattern>
    </servlet-mapping>

    <servlet-mapping>
        <servlet-name>org.apache.jsp.src.D3100_005fFaxEndMenu_005fDMCheck_jsp</servlet-name>
        <url-pattern>/src/D3100_FaxEndMenu_DMCheck.jsp</url-pattern>
    </servlet-mapping>

    <servlet-mapping>
        <servlet-name>org.apache.jsp.src.FSA_005fgetAttData_005fLog_jsp</servlet-name>
        <url-pattern>/src/FSA_getAttData_Log.jsp</url-pattern>
    </servlet-mapping>

    <servlet-mapping>
        <servlet-name>org.apache.jsp.src.FSA_005fgetAttData_005fRoutingMenu_jsp</servlet-name>
        <url-pattern>/src/FSA_getAttData_RoutingMenu.jsp</url-pattern>
    </servlet-mapping>

    <servlet-mapping>
        <servlet-name>org.apache.jsp.src.FSA_005fNDM_005fCheckType_jsp</servlet-name>
        <url-pattern>/src/FSA_NDM_CheckType.jsp</url-pattern>
    </servlet-mapping>

    <servlet-mapping>
        <servlet-name>org.apache.jsp.src.FSA_005fNDM_005fInit_jsp</servlet-name>
        <url-pattern>/src/FSA_NDM_Init.jsp</url-pattern>
    </servlet-mapping>

    <servlet-mapping>
        <servlet-name>org.apache.jsp.src.FSA_005fNDM_005fProperties_jsp</servlet-name>
        <url-pattern>/src/FSA_NDM_Properties.jsp</url-pattern>
    </servlet-mapping>

    <servlet-mapping>
        <servlet-name>org.apache.jsp.src.FSA_005fNDM_005fReturnValues_jsp</servlet-name>
        <url-pattern>/src/FSA_NDM_ReturnValues.jsp</url-pattern>
    </servlet-mapping>

    <servlet-mapping>
        <servlet-name>org.apache.jsp.src.FSA_005fparseAttData_jsp</servlet-name>
        <url-pattern>/src/FSA_parseAttData.jsp</url-pattern>
    </servlet-mapping>

    <servlet-mapping>
        <servlet-name>org.apache.jsp.src.FSA_005fPlayPrompt_005fReportEnd_jsp</servlet-name>
        <url-pattern>/src/FSA_PlayPrompt_ReportEnd.jsp</url-pattern>
    </servlet-mapping>

    <servlet-mapping>
        <servlet-name>org.apache.jsp.src.FSA_005fPlayPrompt_005fReportStart_jsp</servlet-name>
        <url-pattern>/src/FSA_PlayPrompt_ReportStart.jsp</url-pattern>
    </servlet-mapping>

    <servlet-mapping>
        <servlet-name>org.apache.jsp.src.FSA_005fPlayPrompt_005fTypeAndPromptCheck_jsp</servlet-name>
        <url-pattern>/src/FSA_PlayPrompt_TypeAndPromptCheck.jsp</url-pattern>
    </servlet-mapping>

    <servlet-mapping>
        <servlet-name>org.apache.jsp.src.G1000_005fGoodbye_005fPP_jsp</servlet-name>
        <url-pattern>/src/G1000_Goodbye_PP.jsp</url-pattern>
    </servlet-mapping>

    <servlet-mapping>
        <servlet-name>org.apache.jsp.src.GP1000_005fWelcome_005fPP_jsp</servlet-name>
        <url-pattern>/src/GP1000_Welcome_PP.jsp</url-pattern>
    </servlet-mapping>

    <servlet-mapping>
        <servlet-name>org.apache.jsp.src.GP1000_005fWelcome_005fPP_005fMenu_005fBranch_jsp</servlet-name>
        <url-pattern>/src/GP1000_Welcome_PP_Menu_Branch.jsp</url-pattern>
    </servlet-mapping>

    <servlet-mapping>
        <servlet-name>org.apache.jsp.src.GP2000_005fCallerType_005fDM_jsp</servlet-name>
        <url-pattern>/src/GP2000_CallerType_DM.jsp</url-pattern>
    </servlet-mapping>

    <servlet-mapping>
        <servlet-name>org.apache.jsp.src.GP2000_005fCallerType_005fDM_005fCheck_jsp</servlet-name>
        <url-pattern>/src/GP2000_CallerType_DM_Check.jsp</url-pattern>
    </servlet-mapping>

    <servlet-mapping>
        <servlet-name>org.apache.jsp.src.GP2010_005fOpt_005f6_005fDM_jsp</servlet-name>
        <url-pattern>/src/GP2010_Opt_6_DM.jsp</url-pattern>
    </servlet-mapping>

    <servlet-mapping>
        <servlet-name>org.apache.jsp.src.GP2010_005fOpt_005f6_005fDM_005fCheck_jsp</servlet-name>
        <url-pattern>/src/GP2010_Opt_6_DM_Check.jsp</url-pattern>
    </servlet-mapping>

    <servlet-mapping>
        <servlet-name>org.apache.jsp.src.GP2020_005fAuto_005fAttendant_005fTransfer_jsp</servlet-name>
        <url-pattern>/src/GP2020_Auto_Attendant_Transfer.jsp</url-pattern>
    </servlet-mapping>

    <servlet-mapping>
        <servlet-name>org.apache.jsp.src.GP3000_005fBroker_005fMenu_005fDM_jsp</servlet-name>
        <url-pattern>/src/GP3000_Broker_Menu_DM.jsp</url-pattern>
    </servlet-mapping>

    <servlet-mapping>
        <servlet-name>org.apache.jsp.src.GP3000_005fBroker_005fMenu_005fDM_005fCheck_jsp</servlet-name>
        <url-pattern>/src/GP3000_Broker_Menu_DM_Check.jsp</url-pattern>
    </servlet-mapping>

    <servlet-mapping>
        <servlet-name>org.apache.jsp.src.GP4000_005fAccount_005fMenu_005fDM_jsp</servlet-name>
        <url-pattern>/src/GP4000_Account_Menu_DM.jsp</url-pattern>
    </servlet-mapping>

    <servlet-mapping>
        <servlet-name>org.apache.jsp.src.GP4000_005fAccount_005fMenu_005fDM_005fCheck_jsp</servlet-name>
        <url-pattern>/src/GP4000_Account_Menu_DM_Check.jsp</url-pattern>
    </servlet-mapping>

    <servlet-mapping>
        <servlet-name>org.apache.jsp.src.GP4100_005fPlanId_005fLookUp_005fDA_jsp</servlet-name>
        <url-pattern>/src/GP4100_PlanId_LookUp_DA.jsp</url-pattern>
    </servlet-mapping>

    <servlet-mapping>
        <servlet-name>org.apache.jsp.src.I1000_005fMemberID_005fDM_jsp</servlet-name>
        <url-pattern>/src/I1000_MemberID_DM.jsp</url-pattern>
    </servlet-mapping>

    <servlet-mapping>
        <servlet-name>org.apache.jsp.src.I1000_005fMemberID_005fDMCheck_jsp</servlet-name>
        <url-pattern>/src/I1000_MemberID_DMCheck.jsp</url-pattern>
    </servlet-mapping>

    <servlet-mapping>
        <servlet-name>org.apache.jsp.src.I1100_005fMemberLookup_005fDA_jsp</servlet-name>
        <url-pattern>/src/I1100_MemberLookup_DA.jsp</url-pattern>
    </servlet-mapping>

    <servlet-mapping>
        <servlet-name>org.apache.jsp.src.I1110_005fWhich_005fPolicy_005fDM_jsp</servlet-name>
        <url-pattern>/src/I1110_Which_Policy_DM.jsp</url-pattern>
    </servlet-mapping>

    <servlet-mapping>
        <servlet-name>org.apache.jsp.src.I1110_005fWhich_005fPolicy_005fDMCheck_jsp</servlet-name>
        <url-pattern>/src/I1110_Which_Policy_DMCheck.jsp</url-pattern>
    </servlet-mapping>

    <servlet-mapping>
        <servlet-name>org.apache.jsp.src.I1200_005fMemberInvalidConfirm_005fDM_jsp</servlet-name>
        <url-pattern>/src/I1200_MemberInvalidConfirm_DM.jsp</url-pattern>
    </servlet-mapping>

    <servlet-mapping>
        <servlet-name>org.apache.jsp.src.I1200_005fMemberInvalidConfirm_005fDMCheck_jsp</servlet-name>
        <url-pattern>/src/I1200_MemberInvalidConfirm_DMCheck.jsp</url-pattern>
    </servlet-mapping>

    <servlet-mapping>
        <servlet-name>org.apache.jsp.src.I2000_005fMemberDOB_005fDM_jsp</servlet-name>
        <url-pattern>/src/I2000_MemberDOB_DM.jsp</url-pattern>
    </servlet-mapping>

    <servlet-mapping>
        <servlet-name>org.apache.jsp.src.I2000_005fMemberDOB_005fDMCheck_jsp</servlet-name>
        <url-pattern>/src/I2000_MemberDOB_DMCheck.jsp</url-pattern>
    </servlet-mapping>

    <servlet-mapping>
        <servlet-name>org.apache.jsp.src.I2000_005fMemberDOB_005fDM_005fMenu_jsp</servlet-name>
        <url-pattern>/src/I2000_MemberDOB_DM_Menu.jsp</url-pattern>
    </servlet-mapping>

    <servlet-mapping>
        <servlet-name>org.apache.jsp.src.I2100_005fMemberDOBConfirm_005fDM_jsp</servlet-name>
        <url-pattern>/src/I2100_MemberDOBConfirm_DM.jsp</url-pattern>
    </servlet-mapping>

    <servlet-mapping>
        <servlet-name>org.apache.jsp.src.I2100_005fMemberDOBConfirm_005fDMCheck_jsp</servlet-name>
        <url-pattern>/src/I2100_MemberDOBConfirm_DMCheck.jsp</url-pattern>
    </servlet-mapping>

    <servlet-mapping>
        <servlet-name>org.apache.jsp.src.I3000_005fCallerTypeCheck_005fDS_jsp</servlet-name>
        <url-pattern>/src/I3000_CallerTypeCheck_DS.jsp</url-pattern>
    </servlet-mapping>

    <servlet-mapping>
        <servlet-name>org.apache.jsp.src.M1000_005fMemberMenu_005fDM_jsp</servlet-name>
        <url-pattern>/src/M1000_MemberMenu_DM.jsp</url-pattern>
    </servlet-mapping>

    <servlet-mapping>
        <servlet-name>org.apache.jsp.src.M1000_005fMemberMenu_005fDMCheck_jsp</servlet-name>
        <url-pattern>/src/M1000_MemberMenu_DMCheck.jsp</url-pattern>
    </servlet-mapping>

    <servlet-mapping>
        <servlet-name>org.apache.jsp.src.M1000_005fMemberMenu_005fDM_005fMenu_jsp</servlet-name>
        <url-pattern>/src/M1000_MemberMenu_DM_Menu.jsp</url-pattern>
    </servlet-mapping>

    <servlet-mapping>
        <servlet-name>org.apache.jsp.src.M2000_005fAddressFax_005fDM_jsp</servlet-name>
        <url-pattern>/src/M2000_AddressFax_DM.jsp</url-pattern>
    </servlet-mapping>

    <servlet-mapping>
        <servlet-name>org.apache.jsp.src.M2000_005fAddressFax_005fDMCheck_jsp</servlet-name>
        <url-pattern>/src/M2000_AddressFax_DMCheck.jsp</url-pattern>
    </servlet-mapping>

    <servlet-mapping>
        <servlet-name>org.apache.jsp.src.M2100_005fAddressFaxInfo_005fPP_jsp</servlet-name>
        <url-pattern>/src/M2100_AddressFaxInfo_PP.jsp</url-pattern>
    </servlet-mapping>

    <servlet-mapping>
        <servlet-name>org.apache.jsp.src.M2200_005fAddressFaxEnd_005fDM_jsp</servlet-name>
        <url-pattern>/src/M2200_AddressFaxEnd_DM.jsp</url-pattern>
    </servlet-mapping>

    <servlet-mapping>
        <servlet-name>org.apache.jsp.src.M2200_005fAddressFaxEnd_005fDMCheck_jsp</servlet-name>
        <url-pattern>/src/M2200_AddressFaxEnd_DMCheck.jsp</url-pattern>
    </servlet-mapping>

    <servlet-mapping>
        <servlet-name>org.apache.jsp.src.P1000_005fProvideMenu_005fDM_005fMenu_jsp</servlet-name>
        <url-pattern>/src/P1000_ProvideMenu_DM_Menu.jsp</url-pattern>
    </servlet-mapping>

    <servlet-mapping>
        <servlet-name>org.apache.jsp.src.P1000_005fProviderMenu_005fDM_jsp</servlet-name>
        <url-pattern>/src/P1000_ProviderMenu_DM.jsp</url-pattern>
    </servlet-mapping>

    <servlet-mapping>
        <servlet-name>org.apache.jsp.src.P1000_005fProviderMenu_005fDMCheck_jsp</servlet-name>
        <url-pattern>/src/P1000_ProviderMenu_DMCheck.jsp</url-pattern>
    </servlet-mapping>

    <servlet-mapping>
        <servlet-name>org.apache.jsp.src.P2000_005fAddressFax_005fDM_jsp</servlet-name>
        <url-pattern>/src/P2000_AddressFax_DM.jsp</url-pattern>
    </servlet-mapping>

    <servlet-mapping>
        <servlet-name>org.apache.jsp.src.P2000_005fAddressFax_005fDMCheck_jsp</servlet-name>
        <url-pattern>/src/P2000_AddressFax_DMCheck.jsp</url-pattern>
    </servlet-mapping>

    <servlet-mapping>
        <servlet-name>org.apache.jsp.src.P2100_005fAddressFaxInfo_005fPP_jsp</servlet-name>
        <url-pattern>/src/P2100_AddressFaxInfo_PP.jsp</url-pattern>
    </servlet-mapping>

    <servlet-mapping>
        <servlet-name>org.apache.jsp.src.P2200_005fAddressFaxEnd_005fDM_jsp</servlet-name>
        <url-pattern>/src/P2200_AddressFaxEnd_DM.jsp</url-pattern>
    </servlet-mapping>

    <servlet-mapping>
        <servlet-name>org.apache.jsp.src.P2200_005fAddressFaxEnd_005fDMCheck_jsp</servlet-name>
        <url-pattern>/src/P2200_AddressFaxEnd_DMCheck.jsp</url-pattern>
    </servlet-mapping>

    <servlet-mapping>
        <servlet-name>org.apache.jsp.src.S1000_005fWelcome_005fPP_jsp</servlet-name>
        <url-pattern>/src/S1000_Welcome_PP.jsp</url-pattern>
    </servlet-mapping>

    <servlet-mapping>
        <servlet-name>org.apache.jsp.src.S1000_005fWelcome_005fPP_005fMenu_jsp</servlet-name>
        <url-pattern>/src/S1000_Welcome_PP_Menu.jsp</url-pattern>
    </servlet-mapping>

    <servlet-mapping>
        <servlet-name>org.apache.jsp.src.S1100_005fProviderMember_005fDM_jsp</servlet-name>
        <url-pattern>/src/S1100_ProviderMember_DM.jsp</url-pattern>
    </servlet-mapping>

    <servlet-mapping>
        <servlet-name>org.apache.jsp.src.S1100_005fProviderMember_005fDMCheck_jsp</servlet-name>
        <url-pattern>/src/S1100_ProviderMember_DMCheck.jsp</url-pattern>
    </servlet-mapping>

    <servlet-mapping>
        <servlet-name>org.apache.jsp.src.Z9030_005fCaller_005fRequested_005fTransfer_005fPP_jsp</servlet-name>
        <url-pattern>/src/Z9030_Caller_Requested_Transfer_PP.jsp</url-pattern>
    </servlet-mapping>

    <servlet-mapping>
        <servlet-name>org.apache.jsp.src.Z9070_005fSys_005fError_005fPP_jsp</servlet-name>
        <url-pattern>/src/Z9070_Sys_Error_PP.jsp</url-pattern>
    </servlet-mapping>

    <servlet-mapping>
        <servlet-name>org.apache.jsp.src.Z9999_005fTerminateCall_jsp</servlet-name>
        <url-pattern>/src/Z9999_TerminateCall.jsp</url-pattern>
    </servlet-mapping>

    <servlet-mapping>
        <servlet-name>org.apache.jsp.include.Capture_jsp</servlet-name>
        <url-pattern>/include/Capture.jsp</url-pattern>
    </servlet-mapping>

    <servlet-mapping>
        <servlet-name>org.apache.jsp.include.dbInputForm_jsp</servlet-name>
        <url-pattern>/include/dbInputForm.jsp</url-pattern>
    </servlet-mapping>

    <servlet-mapping>
        <servlet-name>org.apache.jsp.include.dbrequest_jsp</servlet-name>
        <url-pattern>/include/dbrequest.jsp</url-pattern>
    </servlet-mapping>

    <servlet-mapping>
        <servlet-name>org.apache.jsp.include.getWebRequestData_jsp</servlet-name>
        <url-pattern>/include/getWebRequestData.jsp</url-pattern>
    </servlet-mapping>

    <servlet-mapping>
        <servlet-name>org.apache.jsp.include.getWebServiceData_jsp</servlet-name>
        <url-pattern>/include/getWebServiceData.jsp</url-pattern>
    </servlet-mapping>

<!--
All session-config, mime-mapping, welcome-file-list, error-page, taglib,
resource-ref, security-constraint, login-config, security-role,
env-entry, and ejb-ref elements should follow this fragment.
-->
